"ID","Name","RA","DEC","Obj. Type","Repeater of Primary Burst","DM","DM-Err","DM-Units","Gal. DM Limit","Gal. DM Model","Barycentric Datetime","Redshift","Host Name","Host Redshift","Reporting Group/s","Discovery Data Source/s","Classifying Group/s","Associated Group/s","Disc. Internal Name","Disc. Instrument/s","Class. Instrument/s","TNS AT","Public","End Prop. Period","Discovery Mag/Flux","Discovery Filter","Discovery Date (UT)","Sender","Remarks","Discovery Bibcode","Classification Bibcodes","Ext. catalog/s"
"151675","FRB 20240318A","10:01:50.600","+37:36:49.10","FRB","","256.4","0.3","pc/cc","","NE2001","","","","","CRAFT","CRAFT","","CRAFT","240318","","","1","1","","0","Other-","2024-03-18 15:14:19.454","Shannon","","2024TNSFR1587....1S","",""
"151674","FRB 20240304A","09:05:19.300","-16:13:41.50","FRB","","652.6","0.5","pc/cc","","NE2001","","","","","CRAFT","CRAFT","","CRAFT","240304","","","1","1","","0","Other-","2024-03-04 17:44:55.155","Shannon","","2024TNSFR1587....1S","",""
"147950","FRB 20240229A","11:34:56.311","+71:47:01.68","FRB","","491.554","","pc/cc","","","","","","","DSA-110","DSA-110","","DSA-110","240229aaad","","","1","1","2024-04-01","","","2024-02-29 08:54:10.273","DSA-110","","2024TNSFR.905....1L","",""
"151673","FRB 20240210A","00:39:55.040","-27:39:34.78","FRB","","283.73","0.05","pc/cc","","NE2001","","","","","CRAFT","CRAFT","","CRAFT","FRB240210A","","","1","1","","0","Other-","2024-02-10 08:20:02.510","Shannon","","2024TNSFR1586....1S","",""
"144966","FRB 20240124A","21:33:56.568","+04:29:04.59","FRB","","526.9","","pc/cc","","NE2001","","","","","CHIMEFRB","CHIMEFRB","","CHIMEFRB","354780901","","","1","1","2024-02-01","","","2024-01-24 21:20:11.040","Abbott","","2024TNSFR.330....1A","",""
"144953","FRB 20240121A","21:34:10.361","+04:29:07.84","FRB","","527.708","","pc/cc","","NE2001","","","","","CHIMEFRB","CHIMEFRB","","CHIMEFRB","354004415","","","1","1","2024-02-01","","","2024-01-21 21:30:40.204","Abbott","","2024TNSFR.330....1A","",""
"144965","FRB 20240114A","21:28:16.869","+04:29:02.60","FRB","","528.113","","pc/cc","","NE2001","","","","","CHIMEFRB","CHIMEFRB","","CHIMEFRB","352286407","","","1","1","2024-02-01","","","2024-01-14 21:50:39.024","Abbott","","2024TNSFR.330....1A","",""
"151790","AT 2024jgo","10:21:46.336","-15:41:15.58","","","","","","","","","","","","YSE","Pan-STARRS","","Pan-STARRS; YSE","PS24cvl","PS2 - GPC2","","1","1","","19.14","i-P1","2024-05-22 06:15:40.032","YSE_Bot1","","","",""
"151789","AT 2024jgn","16:38:17.358","+39:51:08.82","","","","","","","","","","","","YSE","Pan-STARRS","","Pan-STARRS; YSE","PS24cvk","PS2 - GPC2","","1","1","","20.06","r-P1","2024-05-22 12:52:12.000","YSE_Bot1","","","",""
"151788","AT 2024jgm","16:48:53.613","+52:54:34.44","","","","","","","","","","","","YSE","Pan-STARRS","","Pan-STARRS; YSE","PS24cvh","PS2 - GPC2","","1","1","","19.47","i-P1","2024-05-23 12:54:31.104","YSE_Bot1","","","",""
"151787","AT 2024jgl","12:29:40.458","+11:32:10.38","","","","","","","","","","","","YSE","Pan-STARRS","","Pan-STARRS; YSE","PS24cvg","PS1 - GPC1","","1","1","","19.6","z-P1","2024-05-23 09:36:23.328","YSE_Bot1","","","",""
"151786","AT 2024jgk","14:17:59.578","+16:44:07.49","","","","","","","","","","","","ATLAS","ATLAS","","ATLAS","ATLAS24hqd","ATLAS-HKO - ATLAS-02, ATLAS-STH - ATLAS-03","","1","1","","18.004","orange-ATLAS","2024-05-24 09:03:44.640","ATLAS_Bot1","","","",""
"151785","AT 2024jgj","11:41:06.600","+16:23:07.68","","","","","","","","","","","","ATLAS","ATLAS","","ATLAS","ATLAS24hqc","ATLAS-HKO - ATLAS-02, ATLAS-MLO - ATLAS-01","","1","1","","18.475","orange-ATLAS","2024-05-22 07:29:55.680","ATLAS_Bot1","","","",""
"151784","AT 2024jgi","14:49:31.655","+33:32:49.59","","","","","","","","","","","","Pan-STARRS","Pan-STARRS","","Pan-STARRS","PS24cuy","PS1 - GPC1","","1","1","","20.04","i-P1","2024-05-22 11:51:56.160","PS1_Bot1","","","",""
"151783","AT 2024jgh","11:51:02.302","+31:14:14.03","","","","","","","","","","","","Pan-STARRS","Pan-STARRS","","Pan-STARRS","PS24cux","PS1 - GPC1","","1","1","","19.94","i-P1","2024-05-22 08:48:57.312","PS1_Bot1","","","",""
"151782","AT 2024jgg","09:19:56.716","+46:28:14.42","","","","","","","","","","","","Pan-STARRS","Pan-STARRS","","Pan-STARRS","PS24cuw","PS2 - GPC2","","1","1","","20.21","i-P1","2024-05-22 06:39:36.864","PS1_Bot1","","","",""
"151781","AT 2024jgf","13:19:05.344","-37:04:01.86","","","","","","","","","","","","GOTO","GOTO","","GOTO","GOTO24cca","GOTO-S - GOTO-3","","1","1","","17.55","L-GOTO","2024-05-24 09:46:09.984","GOTO_bot","","","",""
"151780","AT 2024jge","11:58:50.290","-01:32:13.07","","","","","","","","","","","","BlackGEM","BlackGEM","","BlackGEM","BGEM J115850.28-013213.0","BG4 - BlackGEM-Cam4, ML1 - MeerLICHT-Cam","","1","1","","19.37","BG-q-BlackGem","2024-05-12 01:47:46.000","BlackGEM_Bot1","","","",""
"151779","AT 2024jgd","22:14:11.256","-41:42:07.56","","","","","","","","","","","","BlackGEM","BlackGEM","","BlackGEM","BGEM J221411.25-414207.5","BG4 - BlackGEM-Cam4, ML1 - MeerLICHT-Cam","","1","1","","19.81","BG-q-BlackGem","2024-05-12 08:41:35.000","BlackGEM_Bot1","","","",""
"151778","AT 2024jgc","10:23:28.767","-06:07:52.12","","","","","","","","","","","","BlackGEM","BlackGEM","","BlackGEM","BGEM J102328.76-060752.1","BG4 - BlackGEM-Cam4, ML1 - MeerLICHT-Cam","","1","1","","19.85","BG-q-BlackGem","2024-05-11 23:57:09.000","BlackGEM_Bot1","","","",""
"151777","AT 2024jgb","23:02:25.142","+50:38:54.95","","","","","","","","","","","","ATLAS","ATLAS","","ATLAS","ATLAS24hpy","ATLAS-HKO - ATLAS-02, ATLAS-MLO - ATLAS-01","","1","1","","17.254","orange-ATLAS","2024-05-23 13:58:02.208","ATLAS_Bot1","","","",""
"151776","AT 2024jga","23:36:06.458","+24:03:17.79","","","","","","","","","","","","ATLAS","ATLAS","","ATLAS","ATLAS24hpv","ATLAS-HKO - ATLAS-02, ATLAS-MLO - ATLAS-01","","1","1","","17.955","orange-ATLAS","2024-05-23 14:08:45.024","ATLAS_Bot1","","","",""
"151775","AT 2024jfz","07:23:20.198","-73:27:06.31","","","","","","","","","","","","","","","","","JWST - NIRCam","","1","1","","0.003","F115W-JWST","2024-05-11 19:41:45.000","Reynolds","","","",""
"151774","AT 2024jfy","12:48:34.817","+10:52:32.95","","","","","","","","","","","","GOTO","GOTO","","GOTO","GOTO24cbr","GOTO-N - GOTO-1, GOTO-N - GOTO-2","","1","1","","18.98","L-GOTO","2024-05-23 21:45:55.296","GOTO_bot","","","",""
"151773","AT 2024jfx","10:34:25.949","-27:51:45.35","","","","","","","","","","","","BlackGEM","BlackGEM","","BlackGEM","MLT J103425.94-275145.3","ML1 - MeerLICHT-Cam","","1","1","","20.21","BG-q-BlackGem","2024-05-05 22:11:34.000","BlackGEM_Bot1","","2024TNSTR1622....1S","",""
"151772","AT 2024jfw","15:01:41.010","+11:08:21.54","","","","","","","","","","","","BlackGEM","BlackGEM","","BlackGEM","MLT J150141.00+110821.5","ML1 - MeerLICHT-Cam","","1","1","","20.17","BG-q-BlackGem","2024-05-09 20:06:10.000","BlackGEM_Bot1","","2024TNSTR1623....1S","",""
"151770","AT 2024jfu","00:52:22.748","-26:34:20.48","","","","","","","","","","","","GOTO","GOTO","","GOTO","GOTO24cbc","GOTO-S - GOTO-3","","1","1","","19.31","L-GOTO","2024-05-22 19:39:07.776","GOTO_bot","","2024TNSTR1625....1A","",""
"151769","AT 2024jft","09:59:31.321","-31:23:31.96","","","","","","","","","","","","GOTO","GOTO","","GOTO","GOTO24cbm","GOTO-S - GOTO-3","","1","1","","19.23","L-GOTO","2024-05-23 08:10:28.704","GOTO_bot","","2024TNSTR1627....1K","",""
"151768","AT 2024jfs","07:41:50.533","+14:48:11.08","","","","","","","","","","","","ATLAS","ATLAS","","ATLAS","ATLAS24hpo","ATLAS-HKO - ATLAS-02, ATLAS-MLO - ATLAS-01","","1","1","","16.711","orange-ATLAS","2024-05-22 05:55:56.352","ATLAS_Bot1","","2024TNSTR1621....1T","",""
"151767","AT 2024jfr","22:53:32.749","+25:20:52.93","","","","","","","","","","","","ATLAS","ATLAS","","ATLAS","ATLAS24hpl","ATLAS-MLO - ATLAS-01","","1","1","","18.224","orange-ATLAS","2024-05-22 13:16:44.256","ATLAS_Bot1","","2024TNSTR1621....1T","",""
"151766","AT 2024jfq","00:20:11.118","-03:24:00.82","","","","","","","","","","","","ATLAS","ATLAS","","ATLAS","ATLAS24hpd","ATLAS-HKO - ATLAS-02, ATLAS-STH - ATLAS-03","","1","1","","18.055","orange-ATLAS","2024-05-22 14:27:40.320","ATLAS_Bot1","","2024TNSTR1621....1T","",""
"151765","AT 2024jfp","23:40:15.088","+04:20:33.18","","","","","","","","","","","","ATLAS","ATLAS","","ATLAS","ATLAS24hpa","ATLAS-CHL - ATLAS-04, ATLAS-HKO - ATLAS-02","","1","1","","17.336","orange-ATLAS","2024-05-22 14:05:51.360","ATLAS_Bot1","","2024TNSTR1621....1T","",""
"151764","AT 2024jfo","09:07:46.221","-34:08:37.25","","","","","","","","","","","","ATLAS","ATLAS","","ATLAS","ATLAS24hoy","ATLAS-STH - ATLAS-03","","1","1","","18.202","orange-ATLAS","2024-05-21 18:11:32.064","ATLAS_Bot1","","2024TNSTR1621....1T","",""
"151763","AT 2024jfn","10:11:14.964","-35:41:46.66","","","","","","","","","","","","GOTO","GOTO","","GOTO","GOTO24cbk","GOTO-S - GOTO-3","","1","1","","18.64","L-GOTO","2024-05-22 08:15:27.648","GOTO_bot","","2024TNSTR1626....1B","",""
"151762","AT 2024jfm","23:41:43.598","-03:39:31.16","","","","","","","","","","","","ATLAS","ATLAS","","ATLAS","ATLAS24hnz","ATLAS-CHL - ATLAS-04, ATLAS-HKO - ATLAS-02","","1","1","","18.367","orange-ATLAS","2024-05-22 14:09:06.624","ATLAS_Bot1","","2024TNSTR1621....1T","",""
"151761","AT 2024jfl","00:05:33.815","+03:49:34.84","","","","","","","","","","","","ATLAS","ATLAS","","ATLAS","ATLAS24hnw","ATLAS-HKO - ATLAS-02, ATLAS-STH - ATLAS-03","","1","1","","17.893","orange-ATLAS","2024-05-22 14:10:25.248","ATLAS_Bot1","","2024TNSTR1613....1T","",""
"151760","AT 2024jfk","09:50:10.460","+40:24:47.79","","","","","","","","","","","","ZTF","ZTF","","ZTF","ZTF24aaorhpd","P48 - ZTF-Cam","","1","1","","19.4072","r-ZTF","2024-05-21 07:09:58.176","ZTF_CLU_PUBLIC","","2024TNSTR1618....1D","",""
"151759","AT 2024jfj","17:53:22.394","+53:09:28.99","","","","","","","","","","","","ZTF","ZTF","","ZTF","ZTF24aaoqhsc","P48 - ZTF-Cam","","1","1","","20.3133","r-ZTF","2024-05-17 08:47:52.995","Fritz","","2024TNSTR1616....1H","",""
"151758","AT 2024jfi","11:10:31.050","-44:27:40.38","","","","","","","","","","","","GOTO","GOTO","","GOTO","GOTO24bzw","GOTO-S - GOTO-4","","1","1","","18.77","L-GOTO","2024-05-20 08:54:29.952","GOTO_bot","","2024TNSTR1614....1U","",""
"151757","AT 2024jfh","21:55:21.299","+09:21:59.92","","","","","","","","","","","","ZTF","ZTF","","ZTF","ZTF24aaooxcd","P48 - ZTF-Cam","","1","1","","19.0588","g-ZTF","2024-05-20 10:23:08.001","Fritz","","2024TNSTR1617....1H","",""
"151756","AT 2024jfg","17:43:30.983","+39:01:21.90","","","","","","","","","","","","ZTF","ZTF","","ZTF","ZTF24aaoosca","P48 - ZTF-Cam","","1","1","","20.5073","g-ZTF","2024-05-18 08:39:49.000","Fritz","","2024TNSTR1615....1S","",""
"151755","AT 2024jff","02:38:55.325","-30:37:51.35","","","","","","","","","","","","ATLAS","ATLAS","","ATLAS","ATLAS24hnr","ATLAS-CHL - ATLAS-04, ATLAS-STH - ATLAS-03","","1","1","","17.941","orange-ATLAS","2024-05-22 03:44:15.936","ATLAS_Bot1","","2024TNSTR1613....1T","",""
"151754","AT 2024jfe","20:23:58.238","+00:09:51.70","","","","","","","","","","","","AMPEL","ZTF","","AMPEL","ZTF24aaoaghn","P48 - ZTF-Cam","","1","1","","18.94","r-ZTF","2024-05-20 09:40:27.840","ZTF_AMPEL_NEW","","2024TNSTR1612....1N","",""
"151753","AT 2024jfd","00:17:25.485","+28:59:38.95","","","","","","","","","","","","ZTF","ZTF","","ZTF","ZTF24aaonmdi","P48 - ZTF-Cam","","1","1","","20.1134","r-ZTF","2024-05-14 11:20:33.002","Fritz","","2024TNSTR1609....1R","",""
"151752","AT 2024jfc","00:50:25.074","+24:31:17.35","","","","","","","","","","","","ZTF","ZTF","","ZTF","ZTF24aanucro","P48 - ZTF-Cam","","1","1","","18.8727","r-ZTF","2024-05-14 11:30:51.998","Fritz","","2024TNSTR1609....1R","",""
"151751","AT 2024jfb","09:12:16.348","+41:31:33.76","","","","","","","","","","","","ATLAS, Pan-STARRS","ATLAS, Pan-STARRS","","ATLAS; Pan-STARRS","ATLAS24hnm","ATLAS-HKO - ATLAS-02, ATLAS-MLO - ATLAS-01, PS2 - GPC2","","1","1","","18.541","orange-ATLAS","2024-05-21 06:19:20.352","ATLAS_Bot1","","2024TNSTR1600....1T","",""
"151750","AT 2024jfa","15:56:40.258","+32:30:02.79","","","","","","","","","","SDSS J155640.07+323005.2","0.41376","ALeRCE","ZTF","","ALeRCE","ZTF24aaoqbsx","P48 - ZTF-Cam","","1","1","","19.2647","r-ZTF","2024-05-21 08:41:50.997","ALeRCE","","2024TNSTR1598....1F","",""
"151749","AT 2024jez","20:51:37.341","+22:17:19.88","","","","","","","","","","WISEA J205137.44+221720.0","","ALeRCE, GOTO","ZTF, GOTO","","ALeRCE; GOTO","ZTF24aaoqram","GOTO-N - GOTO-1, GOTO-N - GOTO-2, P48 - ZTF-Cam","","1","1","","19.871","g-ZTF","2024-05-21 11:04:13.002","ALeRCE","","2024TNSTR1598....1F","",""
"151748","AT 2024jey","18:03:26.371","-09:42:13.29","","","","","","","","","","","","ATLAS","ATLAS","","ATLAS","ATLAS24hnj","ATLAS-STH - ATLAS-03","","1","1","","18.282","orange-ATLAS","2024-05-20 23:08:05.280","ATLAS_Bot1","","2024TNSTR1600....1T","",""
"151747","AT 2024jex","00:58:25.641","-09:06:30.67","","","","","","","","","","","","ATLAS","ATLAS","","ATLAS","ATLAS24hnh","ATLAS-HKO - ATLAS-02, ATLAS-STH - ATLAS-03","","1","1","","18.34","orange-ATLAS","2024-05-21 03:37:59.232","ATLAS_Bot1","","2024TNSTR1600....1T","",""
"151052","AT 2024iew","10:58:16.579","+38:51:46.18","","","","","","","","","","","","YSE, ALeRCE, GOTO","Pan-STARRS, ZTF, GOTO","","ALeRCE; GOTO; Pan-STARRS; YSE","PS24cgm","GOTO-N - GOTO-1, GOTO-N - GOTO-2, P48 - ZTF-Cam, PS2 - GPC2","","1","1","","20.4","r-P1","2024-05-06 06:04:27.840","YSE_Bot1","","2024TNSTR1406....1J","",""
"151042","SN 2024iem","15:03:19.090","+52:15:54.70","SN Ia","","","","","","","","0.075428","","","ZTF, GOTO, ATLAS","ZTF, GOTO, ATLAS","ZTF","ATLAS; GOTO; ZTF","ZTF24aalywdn","ATLAS-HKO - ATLAS-02, GOTO-N - GOTO-1, P48 - ZTF-Cam","P60 - SEDM","1","1","","20.424","g-ZTF","2024-05-03 08:51:36.002","Fritz","","2024TNSTR1407....1S","2024TNSCR1467....1F",""
"151040","AT 2024iek","16:49:56.531","+23:23:38.93","","","","","","","","","","","","ZTF, ATLAS, GOTO","ZTF, ATLAS, GOTO","","ATLAS; GOTO; ZTF","ZTF24aalqgjr","ATLAS-HKO - ATLAS-02, GOTO-N - GOTO-1, GOTO-N - GOTO-2, P48 - ZTF-Cam","","1","1","","20.1315","g-ZTF","2024-05-01 08:49:25.996","Fritz","","2024TNSTR1407....1S","",""
"151038","SN 2024iei","15:39:48.486","+42:17:43.75","SN Ia","","","","","","","","0.054","","","ZTF, ATLAS, Pan-STARRS, GOTO","ZTF, ATLAS, Pan-STARRS, GOTO","None","ATLAS; GOTO; Pan-STARRS; ZTF","ZTF18aawfqax","ATLAS-HKO - ATLAS-02, GOTO-N - GOTO-1, P48 - ZTF-Cam, PS2 - GPC2","NOT - ALFOSC","1","1","","19.8013","g-ZTF","2024-05-03 08:52:18.001","Fritz","","2024TNSTR1407....1S","2024TNSCR1433....1M",""
"151037","AT 2024ieh","13:07:41.512","-09:46:14.00","","","","","","","","","","","","GOTO, Pan-STARRS","GOTO, Pan-STARRS","","GOTO; Pan-STARRS","GOTO24atg","GOTO-S - GOTO-4, PS2 - GPC2","","1","1","","18.9","L-GOTO","2024-04-28 12:26:29.760","GOTO_bot","","2024TNSTR1401....1G","",""
"151036","AT 2024ieg","15:39:10.250","-01:36:37.93","","","","","","","","","","","","GOTO, ATLAS, BlackGEM","GOTO, ATLAS, BlackGEM","","ATLAS; BlackGEM; GOTO","GOTO24bcr","ATLAS-HKO - ATLAS-02, ATLAS-STH - ATLAS-03, BG4 - BlackGEM-Cam4, GOTO-N - GOTO-1, GOTO-S - GOTO-4","","1","1","","19.31","L-GOTO","2024-05-02 00:08:58.272","GOTO_bot","","2024TNSTR1401....1G","",""
"151035","AT 2024ief","20:12:09.069","-14:48:22.90","","","","","","","","","","","","GOTO","GOTO","","GOTO","GOTO24bel","GOTO-N - GOTO-2, GOTO-S - GOTO-3","","1","1","","19.67","L-GOTO","2024-05-05 04:55:27.552","GOTO_bot","","2024TNSTR1403....1B","",""
"151034","AT 2024iee","13:35:19.485","+26:25:37.70","","","","","","","","","","","","GOTO, Pan-STARRS","GOTO, Pan-STARRS","","GOTO; Pan-STARRS","GOTO24bgp","GOTO-N - GOTO-1, PS1 - GPC1","","1","1","","19.63","L-GOTO","2024-05-05 22:17:19.680","GOTO_bot","","2024TNSTR1403....1B","",""
"151033","AT 2024ied","14:08:38.258","+44:00:08.49","","","","","","","","","","","","GOTO, ATLAS, Pan-STARRS","GOTO, ATLAS, Pan-STARRS","","ATLAS; GOTO; Pan-STARRS","GOTO24bhe","ATLAS-HKO - ATLAS-02, GOTO-N - GOTO-1, GOTO-N - GOTO-2, PS2 - GPC2","","1","1","","18.94","L-GOTO","2024-05-05 23:20:54.240","GOTO_bot","","2024TNSTR1402....1R","",""
"151032","AT 2024iec","21:33:27.750","-07:00:38.94","","","","","","","","","","","","GOTO","GOTO","","GOTO","GOTO24bhd","GOTO-S - GOTO-4","","1","1","","18.96","L-GOTO","2024-04-27 18:38:02.688","GOTO_bot","","2024TNSTR1402....1R","",""
"151020","AT 2024idq","14:28:40.403","-21:03:15.91","","","","","","","","","","","","Pan-STARRS, GOTO","Pan-STARRS, GOTO","","GOTO; Pan-STARRS","PS24cfw","GOTO-N - GOTO-1, GOTO-S - GOTO-4, PS1 - GPC1","","1","1","","20.24","w-P1","2024-05-03 09:35:40.992","PS1_Bot1","","2024TNSTR1395....1C","",""
"151018","AT 2024ido","19:02:52.174","-13:50:58.46","","","","","","","","","","","","GOTO","GOTO","","GOTO","GOTO24beq","GOTO-N - GOTO-2, GOTO-S - GOTO-4","","1","1","","17.94","L-GOTO","2024-05-05 04:09:30.528","GOTO_bot","","2024TNSTR1394....1R","",""
"151011","AT 2024idh","17:52:26.800","-48:36:18.18","","","","","","","","","","","","ATLAS, GaiaAlerts, GOTO","ATLAS, GaiaAlerts, GOTO","","ATLAS; GaiaAlerts; GOTO","ATLAS24gva","ATLAS-CHL - ATLAS-04, ATLAS-STH - ATLAS-03, Gaia - Gaia-photometric, GOTO-S - GOTO-3, GOTO-S - GOTO-4","","1","1","","18.049","cyan-ATLAS","2024-05-03 23:14:35.808","ATLAS_Bot1","","2024TNSTR1392....1T","",""
"151003","SN 2024ida","15:06:42.865","+40:34:48.77","SN Ia","","","","","","","","0.03","","","Pan-STARRS, GOTO","Pan-STARRS, GOTO","TCD","GOTO; Pan-STARRS","PS24cfq","GOTO-N - GOTO-1, GOTO-N - GOTO-2, PS2 - GPC2","LT - SPRAT","1","1","","19.62","w-P1","2024-05-03 11:06:25.056","PS1_Bot1","","2024TNSTR1395....1C","2024TNSCR1501....1T",""
"150993","AT 2024icq","16:20:03.659","-00:14:18.68","","","","","","","","","","SDSS J162003.73-001419.3","","ALeRCE, Pan-STARRS, YSE, GOTO","ZTF, Pan-STARRS, GOTO","","ALeRCE; GOTO; Pan-STARRS; YSE","ZTF24aalhjgr","GOTO-N - GOTO-1, GOTO-S - GOTO-4, P48 - ZTF-Cam, PS2 - GPC2","","1","1","","19.9818","g-ZTF","2024-04-30 08:59:43.999","ALeRCE","","2024TNSTR1375....1F","",""
"150975","AT 2024iby","12:10:38.021","-16:40:14.31","","","","","","","","","","","","ALeRCE, Pan-STARRS, GOTO","ZTF, Pan-STARRS, GOTO","","ALeRCE; GOTO; Pan-STARRS","ZTF24aamdmzj","GOTO-S - GOTO-4, P48 - ZTF-Cam, PS1 - GPC1","","1","1","","20.7963","g-ZTF","2024-05-01 07:02:23.004","ALeRCE","","2024TNSTR1375....1F","",""
"150970","AT 2024ibt","16:39:27.157","+71:47:57.25","","","","","","","","","","WISEA J163926.57+714800.4","","ALeRCE, GOTO","ZTF, GOTO","","ALeRCE; GOTO","ZTF24aamfhof","GOTO-N - GOTO-2, P48 - ZTF-Cam","","1","1","","20.5463","g-ZTF","2024-05-01 08:37:03.000","ALeRCE","","2024TNSTR1375....1F","",""
"150962","AT 2024ibl","17:43:52.944","+21:29:16.14","","","","","","","","","","WISEA J174353.04+212908.3","","ALeRCE, GOTO","ZTF, GOTO","","ALeRCE; GOTO","ZTF24aamgsrg","GOTO-N - GOTO-1, P48 - ZTF-Cam","","1","1","","20.7776","g-ZTF","2024-05-02 10:10:33.004","ALeRCE","","2024TNSTR1375....1F","",""
"150958","AT 2024ibh","16:15:45.346","+11:54:07.19","","","","","","","","","","SDSS J161545.24+115408.8","","ALeRCE, Pan-STARRS, GOTO","ZTF, Pan-STARRS, GOTO","","ALeRCE; GOTO; Pan-STARRS","ZTF24aamhcur","GOTO-N - GOTO-1, P48 - ZTF-Cam, PS1 - GPC1","","1","1","","21.0436","g-ZTF","2024-04-29 07:26:49.004","ALeRCE","","2024TNSTR1375....1F","",""
"150957","AT 2024ibg","16:43:33.631","+23:42:44.50","","","","","","","","","","SDSS J164333.68+234246.1","","ALeRCE, GOTO","ZTF, GOTO","","ALeRCE; GOTO","ZTF24aamhfaf","GOTO-N - GOTO-1, GOTO-N - GOTO-2, P48 - ZTF-Cam","","1","1","","20.7412","g-ZTF","2024-05-01 08:11:15.999","ALeRCE","","2024TNSTR1375....1F","",""
"150946","SN 2024iaz","12:50:34.860","-24:58:16.32","SN Ia","","","","","","","","0.085","","","ZTF, GOTO, Fink","ZTF, GOTO","DEbass, ZTF","Fink; GOTO; ZTF","ZTF24aamdfll","GOTO-N - GOTO-1, GOTO-N - GOTO-2, P48 - ZTF-Cam","ANU-2.3m - WiFeS, P60 - SEDM","1","1","","19.5378","r-ZTF","2024-05-04 06:02:19.000","Fritz","","2024TNSTR1386....1G","2024TNSCR1545....1M, 2024TNSCR1550....1J",""
"150935","AT 2024iao","17:09:28.582","+22:41:33.10","","","","","","","","","","","","ZTF, GOTO","ZTF, GOTO","","GOTO; ZTF","ZTF24aalqimg","GOTO-N - GOTO-1, P48 - ZTF-Cam","","1","1","","19.8754","g-ZTF","2024-05-01 08:49:25.996","Fritz","","2024TNSTR1385....1G","",""
"150929","AT 2024iai","10:27:04.384","+31:02:06.02","","","","","","","","","","","","ZTF, GOTO","ZTF, GOTO","","GOTO; ZTF","ZTF24aalqzri","GOTO-N - GOTO-2, P48 - ZTF-Cam","","1","1","","19.3626","g-ZTF","2024-05-02 06:08:41.000","Fritz","","2024TNSTR1389....1B","",""
"150923","AT 2024iad","11:59:56.172","+22:11:28.15","","","","","","","","","","","","ZTF, GOTO","ZTF, GOTO","","GOTO; ZTF","ZTF24aalrjzr","GOTO-N - GOTO-1, P48 - ZTF-Cam","","1","1","","19.3835","g-ZTF","2024-05-04 07:11:00.384","ZTF_CLU_PUBLIC","","2024TNSTR1388....1D","",""
"150899","AT 2024hzf","20:59:16.507","+29:37:33.52","","","","","","","","","","","","ALeRCE, GOTO","ZTF, GOTO","","ALeRCE; GOTO","ZTF24aalmyfv","GOTO-N - GOTO-2, P48 - ZTF-Cam","","1","1","","19.8781","r-ZTF","2024-04-30 10:46:48.996","ALeRCE","","2024TNSTR1341....1M","",""
"150898","SN 2024hze","17:22:44.261","+60:36:45.07","SN Ia","","","","","","","","0.07","SDSS J172244.48+603642.5","","ALeRCE, GOTO, ATLAS","ZTF, GOTO, ATLAS","None","ALeRCE; ATLAS; GOTO","ZTF24aalqscn","ATLAS-HKO - ATLAS-02, GOTO-N - GOTO-1, P48 - ZTF-Cam","NOT - ALFOSC","1","1","","19.7339","g-ZTF","2024-05-03 09:18:31.000","ALeRCE","","2024TNSTR1341....1M","2024TNSCR1433....1M",""
"150897","AT 2024hzd","10:29:33.037","+76:03:53.48","","","","","","","","","","WISEA J102933.35+760352.4","","ALeRCE, GOTO","ZTF, GOTO","","ALeRCE; GOTO","ZTF24aalrldn","GOTO-N - GOTO-1, GOTO-N - GOTO-2, P48 - ZTF-Cam","","1","1","","20.7788","r-ZTF","2024-05-01 05:58:29.004","ALeRCE","","2024TNSTR1341....1M","",""
"150896","AT 2024hzc","14:42:04.185","+09:25:35.20","","","","","","","","","","SDSS J144204.26+092535.8","","ALeRCE, Pan-STARRS, YSE, GOTO","ZTF, Pan-STARRS, GOTO","","ALeRCE; GOTO; Pan-STARRS; YSE","ZTF24aalrmff","GOTO-N - GOTO-1, GOTO-N - GOTO-2, P48 - ZTF-Cam, PS1 - GPC1, PS2 - GPC2","","1","1","","21.0329","g-ZTF","2024-04-30 08:04:47.001","ALeRCE","","2024TNSTR1341....1M","",""
"150889","AT 2024hyv","10:55:29.032","+66:37:01.10","","","","","","","","","","SDSS J105528.66+663701.7","","ALeRCE, GOTO","ZTF, GOTO","","ALeRCE; GOTO","ZTF24aalxmuu","GOTO-N - GOTO-1, GOTO-N - GOTO-2, P48 - ZTF-Cam","","1","1","","20.3684","g-ZTF","2024-05-01 07:07:04.996","ALeRCE","","2024TNSTR1341....1M","",""
"150887","AT 2024hyt","18:21:18.550","+74:21:57.56","","","","","","","","","","WISEA J182119.45+742153.2","","ALeRCE, GOTO","ZTF, GOTO","","ALeRCE; GOTO","ZTF24aalzhlp","GOTO-N - GOTO-1, GOTO-N - GOTO-2, P48 - ZTF-Cam","","1","1","","20.2526","g-ZTF","2024-05-03 08:55:48.999","ALeRCE","","2024TNSTR1341....1M","",""
"150876","AT 2024hyi","18:54:18.313","+43:19:32.80","","","","","","","","","","","","ZTF, Fink, GOTO","ZTF, GOTO","","Fink; GOTO; ZTF","ZTF24aalndam","GOTO-N - GOTO-1, P48 - ZTF-Cam","","1","1","","20.0868","g-ZTF","2024-04-30 11:15:14.999","Fritz","","2024TNSTR1364....1R","",""
"150875","SN 2024hyh","19:19:06.009","+47:35:51.81","SN Ia","","","","","","","","0.045","","","ZTF, ATLAS, GOTO","ZTF, ATLAS, GOTO","ZTF, None","ATLAS; GOTO; ZTF","ZTF24aambaia","ATLAS-HKO - ATLAS-02, GOTO-N - GOTO-1, GOTO-N - GOTO-2, P48 - ZTF-Cam","NOT - ALFOSC, P60 - SEDM","1","1","","20.7739","g-ZTF","2024-04-30 11:15:55.995","Fritz","","2024TNSTR1364....1R","2024TNSCR1423....1C, 2024TNSCR1433....1M",""
"150871","AT 2024hyd","21:10:49.620","+35:07:47.70","","","","","","","","","","","","GEOTS, GOTO","GEOTS, GOTO","","GEOTS; GOTO","GEOTS-Balaji-2024-006","GOTO-N - GOTO-2, Other - Other","","1","1","","17.5","Other-","2024-05-03 09:51:15.000","Kumar","","2024TNSTR1355....1K","",""
"150859","AT 2024hxt","14:03:09.032","+23:38:38.12","","","","","","","","","","","","ZTF, ATLAS, GOTO","ZTF, ATLAS, GOTO","","ATLAS; GOTO; ZTF","ZTF24aajhkzp","ATLAS-HKO - ATLAS-02, ATLAS-MLO - ATLAS-01, GOTO-N - GOTO-1, P48 - ZTF-Cam","","1","1","","20.6353","g-ZTF","2024-04-13 08:07:48.000","Fritz","","2024TNSTR1361....1P","",""
"150854","AT 2024hxo","09:47:25.629","-23:38:13.10","","","","","","","","","","","","ZTF, ATLAS, GOTO","ZTF, ATLAS, GOTO","","ATLAS; GOTO; ZTF","ZTF24aalvyvv","ATLAS-CHL - ATLAS-04, ATLAS-STH - ATLAS-03, GOTO-S - GOTO-3, GOTO-S - GOTO-4, P48 - ZTF-Cam","","1","1","","20.062","g-ZTF","2024-04-29 03:50:22.004","Fritz","","2024TNSTR1361....1P","",""
"150852","AT 2024hxm","07:42:06.666","+22:33:21.24","","","","","","","","","","","","ZTF, GOTO","ZTF, GOTO","","GOTO; ZTF","ZTF24aakzycd","GOTO-N - GOTO-1, GOTO-N - GOTO-2, P48 - ZTF-Cam","","1","1","","19.4069","g-ZTF","2024-04-29 04:21:21.003","Fritz","","2024TNSTR1365....1R","",""
"150836","AT 2024hww","11:42:23.708","-42:19:35.20","","","","","","","","","","","","ATLAS, GOTO","ATLAS, GOTO","","ATLAS; GOTO","ATLAS24gpk","ATLAS-CHL - ATLAS-04, ATLAS-STH - ATLAS-03, GOTO-S - GOTO-3, GOTO-S - GOTO-4","","1","1","","18.601","orange-ATLAS","2024-05-02 02:43:40.224","ATLAS_Bot1","","2024TNSTR1343....1T","",""
"150835","AT 2024hwv","15:58:47.010","-70:43:37.08","","","","","","","","","","","","ATLAS, GOTO","ATLAS, GOTO","","ATLAS; GOTO","ATLAS24gns","ATLAS-CHL - ATLAS-04, ATLAS-STH - ATLAS-03, GOTO-S - GOTO-4","","1","1","","17.883","orange-ATLAS","2024-05-02 06:36:04.320","ATLAS_Bot1","","2024TNSTR1343....1T","",""
"150830","AT 2024hwt","11:20:26.766","+62:07:17.27","","","","","","","","","","","","GOTO","GOTO","","GOTO","GOTO24bar","GOTO-N - GOTO-1","","1","1","","20.58","L-GOTO","2024-05-02 23:06:57.024","GOTO_bot","","2024TNSTR1357....1A","",""
"150829","AT 2024hws","09:57:09.472","+62:01:04.94","","","","","","","","","","","","GOTO, ATLAS","GOTO, ATLAS","","ATLAS; GOTO","GOTO24bao","ATLAS-HKO - ATLAS-02, GOTO-N - GOTO-2","","1","1","","19.35","L-GOTO","2024-05-02 23:30:30.528","GOTO_bot","","2024TNSTR1356....1G","",""
"150824","AT 2024hwn","10:45:20.200","+63:23:03.23","","","","","","","","","","","","GOTO, ZTF, Pan-STARRS","GOTO, ZTF, Pan-STARRS","","GOTO; Pan-STARRS; ZTF","GOTO24azq","GOTO-N - GOTO-1, P48 - ZTF-Cam, PS1 - GPC1","","1","1","","20.06","L-GOTO","2024-05-02 21:58:40.800","GOTO_bot","","2024TNSTR1325....1G","",""
"150820","AT 2024hwm","08:27:37.335","+17:06:29.92","","","","","","","","","","","","GOTO","GOTO","","GOTO","GOTO24azu","GOTO-N - GOTO-1, GOTO-N - GOTO-2","","1","1","","19.89","L-GOTO","2024-05-02 21:02:17.376","GOTO_bot","","2024TNSTR1326....1G","",""
"150818","AT 2024hwl","08:20:46.509","+16:38:38.31","","","","","","","","","","","","GOTO, AMPEL, ATLAS","GOTO, ZTF, ATLAS","","AMPEL; ATLAS; GOTO","GOTO24azj","ATLAS-HKO - ATLAS-02, ATLAS-STH - ATLAS-03, GOTO-N - GOTO-1, GOTO-N - GOTO-2, P48 - ZTF-Cam","","1","1","","19.66","L-GOTO","2024-05-02 21:02:17.376","GOTO_bot","","2024TNSTR1327....1U","",""
"150817","AT 2024hwk","00:15:42.548","-41:29:00.54","","","","","","","","","","","","ATLAS, GOTO","ATLAS, GOTO","","ATLAS; GOTO","ATLAS24gqh","ATLAS-CHL - ATLAS-04, GOTO-S - GOTO-3","","1","1","","18.234","orange-ATLAS","2024-05-02 09:00:23.328","ATLAS_Bot1","","2024TNSTR1316....1T","",""
"150805","SN 2024hvz","16:19:22.312","-03:08:42.33","SN Ia","","","","","","","","0.058","","","ALeRCE, GOTO, ATLAS, Fink","ZTF, GOTO, ATLAS","DEbass","ALeRCE; ATLAS; Fink; GOTO","ZTF24aalsuwb","ATLAS-CHL - ATLAS-04, ATLAS-HKO - ATLAS-02, GOTO-N - GOTO-1, GOTO-N - GOTO-2, P48 - ZTF-Cam","ANU-2.3m - WiFeS","1","1","","20.645","g-ZTF","2024-04-30 08:59:43.999","ALeRCE","","2024TNSTR1314....1M","2024TNSCR1464....1M",""
"150804","SN 2024hvy","19:11:36.724","+51:58:04.94","SN Ia","","","","","","","","0.059","WISEA J191135.61+515835.5","","ALeRCE, Fink, ATLAS, GOTO","ZTF, ATLAS, GOTO","ZTF","ALeRCE; ATLAS; Fink; GOTO","ZTF24aalubmp","ATLAS-HKO - ATLAS-02, GOTO-N - GOTO-2, P48 - ZTF-Cam","P60 - SEDM","1","1","","19.5291","g-ZTF","2024-05-02 10:21:51.002","ALeRCE","","2024TNSTR1314....1M","2024TNSCR1421....1F",""
"150785","AT 2024hvf","18:19:55.542","+18:36:13.41","","","","","","","","","","","","ZTF, ATLAS, GOTO","ZTF, ATLAS, GOTO","","ATLAS; GOTO; ZTF","ZTF24aakzjyd","ATLAS-HKO - ATLAS-02, GOTO-N - GOTO-1, P48 - ZTF-Cam","","1","1","","19.9041","g-ZTF","2024-04-28 10:30:28.002","Fritz","","2024TNSTR1335....1R","",""
"150777","AT 2024huy","12:04:05.139","-29:30:40.01","","","","","","","","","","","","ATLAS, GOTO","ATLAS, GOTO","","ATLAS; GOTO","ATLAS24gqy","ATLAS-STH - ATLAS-03, GOTO-S - GOTO-3, GOTO-S - GOTO-4","","1","1","","19.347","cyan-ATLAS","2024-05-01 22:12:23.328","ATLAS_Bot1","","2024TNSTR1316....1T","",""
"150775","AT 2024huw","17:24:55.916","+22:31:28.68","","","","","","","","","","","","GOTO, ZTF","GOTO, ZTF","","GOTO; ZTF","GOTO24azf","GOTO-N - GOTO-1, P48 - ZTF-Cam","","1","1","","19.73","L-GOTO","2024-05-01 02:54:53.280","GOTO_bot","","2024TNSTR1324....1G","",""
"150771","AT 2024hus","10:27:24.117","-27:29:38.23","","","","","","","","","","","","ATLAS, BlackGEM, GOTO","ATLAS, BlackGEM, GOTO","","ATLAS; BlackGEM; GOTO","ATLAS24gps","ATLAS-STH - ATLAS-03, BG4 - BlackGEM-Cam4, GOTO-S - GOTO-3","","1","1","","19.027","cyan-ATLAS","2024-05-01 20:41:34.944","ATLAS_Bot1","","2024TNSTR1316....1T","",""
"151298","AT 2024iob","17:49:11.110","-21:10:19.99","","","","","","","","","","","","GaiaAlerts","GaiaAlerts","","GaiaAlerts","Gaia24bii","Gaia - Gaia-photometric","","1","1","","18.17","G-Gaia","2024-05-02 14:19:40.800","Gaia_Bot1","","2024TNSTR1456....1H","",""
"151297","AT 2024ioa","17:48:24.700","-30:42:52.38","","","","","","","","","","","","GaiaAlerts","GaiaAlerts","","GaiaAlerts","Gaia24bih","Gaia - Gaia-photometric","","1","1","","19.03","G-Gaia","2024-05-02 14:29:45.600","Gaia_Bot1","","2024TNSTR1456....1H","",""
"151296","AT 2024inz","05:48:41.560","+25:54:42.30","","","","","","","","","","","","GaiaAlerts","GaiaAlerts","","GaiaAlerts","Gaia24big","Gaia - Gaia-photometric","","1","1","","13.24","G-Gaia","2024-05-02 09:25:55.200","Gaia_Bot1","","2024TNSTR1456....1H","",""
"151288","AT 2024ins","17:04:35.283","-80:34:23.34","","","","","","","","","","","","ATLAS, GOTO","ATLAS, GOTO","","ATLAS; GOTO","ATLAS24hco","ATLAS-CHL - ATLAS-04, ATLAS-STH - ATLAS-03, GOTO-S - GOTO-3, GOTO-S - GOTO-4","","1","1","","19.065","orange-ATLAS","2024-05-06 05:17:41.568","ATLAS_Bot1","","2024TNSTR1455....1T","",""
"151282","AT 2024inm","23:49:00.442","-28:02:24.40","","","","","","","","","","","","ATLAS, GOTO","ATLAS, GOTO","","ATLAS; GOTO","ATLAS24hbu","ATLAS-CHL - ATLAS-04, ATLAS-STH - ATLAS-03, GOTO-S - GOTO-3","","1","1","","18.909","cyan-ATLAS","2024-05-06 03:42:14.112","ATLAS_Bot1","","2024TNSTR1455....1T","",""
"151276","AT 2024ing","11:04:36.505","-24:55:00.66","","","","","","","","","","","","ATLAS, ALeRCE, Pan-STARRS, GOTO","ATLAS, ZTF, Pan-STARRS, GOTO","","ALeRCE; ATLAS; GOTO; Pan-STARRS","ATLAS24hbo","ATLAS-CHL - ATLAS-04, ATLAS-STH - ATLAS-03, GOTO-S - GOTO-4, P48 - ZTF-Cam, PS1 - GPC1","","1","1","","19.538","cyan-ATLAS","2024-05-08 19:51:09.216","ATLAS_Bot1","","2024TNSTR1455....1T","",""
"151263","AT 2024imt","12:06:32.518","-16:57:38.08","","","","","","","","","","","","ATLAS, Pan-STARRS, GOTO","ATLAS, Pan-STARRS, GOTO","","ATLAS; GOTO; Pan-STARRS","ATLAS24has","ATLAS-CHL - ATLAS-04, ATLAS-STH - ATLAS-03, GOTO-N - GOTO-2, PS1 - GPC1","","1","1","","19.451","cyan-ATLAS","2024-05-08 20:42:50.976","ATLAS_Bot1","","2024TNSTR1455....1T","",""
"151262","AT 2024ims","22:05:23.976","+11:39:34.42","","","","","","","","","","","","ATLAS, GOTO","ATLAS, GOTO","","ATLAS; GOTO","ATLAS24har","ATLAS-HKO - ATLAS-02, ATLAS-STH - ATLAS-03, GOTO-N - GOTO-2, GOTO-S - GOTO-3","","1","1","","18.386","cyan-ATLAS","2024-05-07 03:43:09.408","ATLAS_Bot1","","2024TNSTR1455....1T","",""
"151261","AT 2024imr","12:52:14.537","+40:23:58.72","","","","","","","","","","","","ATLAS, GOTO, ZTF","ATLAS, GOTO, ZTF","","ATLAS; GOTO; ZTF","ATLAS24haq","ATLAS-HKO - ATLAS-02, GOTO-N - GOTO-1, P48 - ZTF-Cam","","1","1","","19.248","orange-ATLAS","2024-05-09 08:43:55.776","ATLAS_Bot1","","2024TNSTR1455....1T","",""
"151258","SN 2024imo","15:03:17.390","+48:24:30.59","SN Ia","","","","","","","","0.031453","","","AMPEL, ATLAS, GOTO","ZTF, ATLAS, GOTO","ZTF","AMPEL; ATLAS; GOTO","ZTF24aamvzfc","ATLAS-HKO - ATLAS-02, GOTO-N - GOTO-1, GOTO-N - GOTO-2, P48 - ZTF-Cam","LT - SPRAT","1","1","","19.34","g-ZTF","2024-05-10 07:13:39.360","ZTF_AMPEL_NEW","","2024TNSTR1454....1N","2024TNSCR1595....1J",""
"151257","AT 2024imn","12:14:01.663","-13:13:01.53","","","","","","","","","","","","GOTO, Pan-STARRS","GOTO, Pan-STARRS","","GOTO; Pan-STARRS","GOTO24bkb","GOTO-S - GOTO-3, GOTO-S - GOTO-4, PS2 - GPC2","","1","1","","19.91","L-GOTO","2024-05-08 08:57:14.112","GOTO_bot","","2024TNSTR1457....1R","",""
"151256","AT 2024imm","13:59:10.759","+27:59:19.19","","","","","","","","","","","","GOTO","GOTO","","GOTO","GOTO24bjz","GOTO-N - GOTO-1","","1","1","","20.17","L-GOTO","2024-05-09 23:34:02.208","GOTO_bot","","2024TNSTR1457....1R","",""
"151255","AT 2024iml","18:14:11.309","+64:47:32.20","","","","","","","","","","","","GOTO","GOTO","","GOTO","GOTO24bjx","GOTO-N - GOTO-1","","1","1","","19.75","L-GOTO","2024-05-10 01:33:06.624","GOTO_bot","","2024TNSTR1457....1R","",""
"151250","AT 2024imi","12:59:42.941","-44:22:50.92","","","","","","","","","","","","ATLAS, GOTO","ATLAS, GOTO","","ATLAS; GOTO","ATLAS24gzz","ATLAS-CHL - ATLAS-04, ATLAS-STH - ATLAS-03, GOTO-S - GOTO-4","","1","1","","19.213","orange-ATLAS","2024-05-06 03:33:22.752","ATLAS_Bot1","","2024TNSTR1438....1T","",""
"151239","AT 2024ilx","10:08:43.455","-19:52:40.41","","","","","","","","","","","","YSE, GOTO","Pan-STARRS, GOTO","","GOTO; Pan-STARRS; YSE","PS24cnh","GOTO-S - GOTO-4, PS2 - GPC2","","1","1","","20.27","g-P1","2024-05-08 07:15:23.040","YSE_Bot1","","2024TNSTR1444....1J","",""
"151236","AT 2024ilu","11:27:36.462","+33:51:34.96","","","","","","","","","","","","ZTF, GOTO","ZTF, GOTO","","GOTO; ZTF","ZTF24aamktkj","GOTO-N - GOTO-1, GOTO-N - GOTO-2, P48 - ZTF-Cam","","1","1","","20.0542","g-ZTF","2024-05-07 06:43:29.997","Fritz","","2024TNSTR1446....1R","",""
"151213","AT 2024ila","15:36:51.851","+06:29:57.77","","","","","","","","","","","","ATLAS, GOTO","ATLAS, GOTO","","ATLAS; GOTO","ATLAS24gyt","ATLAS-CHL - ATLAS-04, ATLAS-HKO - ATLAS-02, GOTO-N - GOTO-1, GOTO-S - GOTO-4","","1","1","","18.991","orange-ATLAS","2024-05-06 12:13:54.624","ATLAS_Bot1","","2024TNSTR1438....1T","",""
"151212","AT 2024ikz","21:45:43.688","-44:09:10.99","","","","","","","","","","","","GOTO","GOTO","","GOTO","GOTO24asz","GOTO-S - GOTO-3, GOTO-S - GOTO-4","","1","1","","18.33","L-GOTO","2024-04-27 18:03:10.944","GOTO_bot","","2024TNSTR1441....1O","",""
"151211","AT 2024iky","09:40:15.618","-22:26:27.22","","","","","","","","","","","","ATLAS, GOTO","ATLAS, GOTO","","ATLAS; GOTO","ATLAS24gyl","ATLAS-CHL - ATLAS-04, ATLAS-STH - ATLAS-03, GOTO-S - GOTO-4","","1","1","","18.611","cyan-ATLAS","2024-05-08 18:50:30.912","ATLAS_Bot1","","2024TNSTR1438....1T","",""
"151202","AT 2024ikp","11:21:38.979","+43:27:54.08","","","","","","","","","","SDSS J112139.43+432754.5","","ALeRCE, ATLAS, GOTO, Pan-STARRS","ZTF, ATLAS, GOTO, Pan-STARRS","","ALeRCE; ATLAS; GOTO; Pan-STARRS","ZTF24aamjkav","ATLAS-HKO - ATLAS-02, GOTO-N - GOTO-1, P48 - ZTF-Cam, PS2 - GPC2","","1","1","","20.1101","g-ZTF","2024-05-07 04:28:13.002","ALeRCE","","2024TNSTR1424....1M","",""
"151196","AT 2024ikj","21:42:53.797","-27:54:24.66","","","","","","","","","","","","ATLAS, GOTO","ATLAS, GOTO","","ATLAS; GOTO","ATLAS24gyj","ATLAS-CHL - ATLAS-04, ATLAS-STH - ATLAS-03, GOTO-S - GOTO-3, GOTO-S - GOTO-4","","1","1","","18.8","cyan-ATLAS","2024-05-06 02:52:04.800","ATLAS_Bot1","","2024TNSTR1426....1T","",""
"151161","AT 2024ija","17:46:22.560","-40:49:48.83","","","","","","","","","","","","GaiaAlerts","GaiaAlerts","","GaiaAlerts","Gaia24bif","Gaia - Gaia-photometric","","1","1","","18.28","G-Gaia","2024-05-02 00:51:50.400","Gaia_Bot1","","2024TNSTR1427....1H","",""
"151160","AT 2024iiz","05:47:36.490","+35:48:03.96","","","","","","","","","","","","GaiaAlerts","GaiaAlerts","","GaiaAlerts","Gaia24bie","Gaia - Gaia-photometric","","1","1","","17.63","G-Gaia","2024-05-01 21:36:00.000","Gaia_Bot1","","2024TNSTR1427....1H","",""
"151151","AT 2024iiq","05:40:53.890","-09:06:04.28","","","","","","","","","","","","GaiaAlerts","GaiaAlerts","","GaiaAlerts","Gaia24bid","Gaia - Gaia-photometric","","1","1","","18.87","G-Gaia","2024-05-01 16:37:55.200","Gaia_Bot1","","2024TNSTR1427....1H","",""
"151150","AT 2024iip","17:44:02.660","-25:04:40.08","","","","","","","","","","","","GaiaAlerts","GaiaAlerts","","GaiaAlerts","Gaia24bib","Gaia - Gaia-photometric","","1","1","","14.71","G-Gaia","2024-04-28 06:33:07.200","Gaia_Bot1","","2024TNSTR1427....1H","",""
"151149","AT 2024iio","17:44:37.810","-19:47:58.63","","","","","","","","","","","","GaiaAlerts","GaiaAlerts","","GaiaAlerts","Gaia24bia","Gaia - Gaia-photometric","","1","1","","15.29","G-Gaia","2024-05-01 08:16:47.000","Gaia_Bot1","","2024TNSTR1427....1H","",""
"151148","AT 2024iin","05:46:56.420","-28:24:03.49","","","","","","","","","","","","GaiaAlerts","GaiaAlerts","","GaiaAlerts","Gaia24bhz","Gaia - Gaia-photometric","","1","1","","17.88","G-Gaia","2024-05-02 08:34:04.800","Gaia_Bot1","","2024TNSTR1427....1H","",""
"151147","AT 2024iim","05:40:13.790","-07:32:16.04","","","","","","","","","","","","GaiaAlerts","GaiaAlerts","","GaiaAlerts","Gaia24bhy","Gaia - Gaia-photometric","","1","1","","16.77","G-Gaia","2024-05-01 14:52:48.000","Gaia_Bot1","","2024TNSTR1427....1H","",""
"151138","AT 2024iid","17:46:12.740","-27:11:34.55","","","","","","","","","","","","GaiaAlerts","GaiaAlerts","","GaiaAlerts","Gaia24bho","Gaia - Gaia-photometric","","1","1","","18.6","G-Gaia","2024-05-01 14:24:00.000","Gaia_Bot1","","2024TNSTR1427....1H","",""
"151137","AT 2024iic","05:35:59.560","-67:29:10.36","","","","","","","","","","","","GaiaAlerts","GaiaAlerts","","GaiaAlerts","Gaia24bhn","Gaia - Gaia-photometric","","1","1","","16.13","G-Gaia","2024-05-02 01:58:04.800","Gaia_Bot1","","2024TNSTR1427....1H","",""
"151136","AT 2024iib","05:16:08.210","-68:47:51.32","","","","","","","","","","","","GaiaAlerts","GaiaAlerts","","GaiaAlerts","Gaia24bhm","Gaia - Gaia-photometric","","1","1","","17.36","G-Gaia","2024-05-01 13:55:12.000","Gaia_Bot1","","2024TNSTR1427....1H","",""
"151132","AT 2024ihx","09:12:57.036","-23:29:35.54","","","","","","","","","","","","GOTO","GOTO","","GOTO","GOTO24bev","GOTO-S - GOTO-4","","1","1","","19.68","L-GOTO","2024-05-05 08:32:00.384","GOTO_bot","","2024TNSTR1428....1B","",""
"151131","AT 2024ihw","10:19:09.484","-38:26:24.29","","","","","","","","","","","","GOTO, ATLAS","GOTO, ATLAS","","ATLAS; GOTO","GOTO24bes","ATLAS-CHL - ATLAS-04, ATLAS-STH - ATLAS-03, GOTO-S - GOTO-4","","1","1","","20.16","L-GOTO","2024-05-05 09:00:44.064","GOTO_bot","","2024TNSTR1428....1B","",""
"151122","AT 2024ihn","15:13:36.535","+54:08:37.83","","","","","","","","","","","","ZTF, GOTO","ZTF, GOTO","","GOTO; ZTF","ZTF24aalgoug","GOTO-N - GOTO-1, P48 - ZTF-Cam","","1","1","","20.6761","r-ZTF","2024-04-29 08:50:04.997","Fritz","","2024TNSTR1431....1S","",""
"151121","AT 2024ihm","20:37:45.673","-56:14:43.18","","","","","","","","","","","","ATLAS, GOTO","ATLAS, GOTO","","ATLAS; GOTO","ATLAS24gpa","ATLAS-CHL - ATLAS-04, ATLAS-STH - ATLAS-03, GOTO-S - GOTO-3, GOTO-S - GOTO-4","","1","1","","18.811","orange-ATLAS","2024-05-02 05:09:25.632","ATLAS_Bot1","","2024TNSTR1426....1T","",""
"151119","AT 2024ihk","11:53:14.802","+83:27:31.60","","","","","","","","","","","","ZTF, GOTO","ZTF, GOTO","","GOTO; ZTF","ZTF24aamjubm","GOTO-N - GOTO-1, P48 - ZTF-Cam","","1","1","","20.8506","g-ZTF","2024-05-03 08:47:22.004","Fritz","","2024TNSTR1431....1S","",""
"151107","AT 2024igy","10:57:58.131","+45:40:42.28","","","","","","","","","","SDSS J105758.10+454042.1","","ALeRCE, GOTO","ZTF, GOTO","","ALeRCE; GOTO","ZTF24aambzji","GOTO-N - GOTO-2, P48 - ZTF-Cam","","1","1","","20.1056","g-ZTF","2024-05-07 04:28:53.999","ALeRCE","","2024TNSTR1414....1M","",""
"151105","AT 2024igw","14:50:33.694","+11:52:13.54","","","","","","","","","","SDSS J145033.73+115215.1","","ALeRCE, GOTO","ZTF, GOTO","","ALeRCE; GOTO","ZTF24aamfaim","GOTO-N - GOTO-1, GOTO-S - GOTO-3, P48 - ZTF-Cam","","1","1","","19.6833","r-ZTF","2024-05-07 06:23:07.999","ALeRCE","","2024TNSTR1414....1M","",""
"151097","AT 2024igo","13:07:53.654","+39:26:05.04","","","","","","","","","","SDSS J130753.67+392604.7","","ALeRCE, ATLAS, GOTO","ZTF, ATLAS, GOTO","","ALeRCE; ATLAS; GOTO","ZTF24aamlauy","ATLAS-HKO - ATLAS-02, GOTO-N - GOTO-1, GOTO-N - GOTO-2, P48 - ZTF-Cam","","1","1","","19.4276","g-ZTF","2024-05-07 07:24:33.002","ALeRCE","","2024TNSTR1414....1M","",""
"151094","AT 2024igl","15:53:25.398","+45:23:38.99","","","","","","","","","","SDSS J155325.65+452341.5","0.1426435","ALeRCE, GOTO","ZTF, GOTO","","ALeRCE; GOTO","ZTF24aammkyw","GOTO-N - GOTO-1, GOTO-N - GOTO-2, P48 - ZTF-Cam","","1","1","","21.0618","g-ZTF","2024-05-03 08:52:58.999","ALeRCE","","2024TNSTR1414....1M","",""
"151088","SN 2024igg","15:09:30.910","+54:30:20.24","SN Ia-SC","","","","","","","","0.01085","NGC  5876","0.01085","ALeRCE, ATLAS, GOTO","ZTF, ATLAS, GOTO","None, OxQUB","ALeRCE; ATLAS; GOTO","ZTF24aamlalc","ATLAS-HKO - ATLAS-02, GOTO-N - GOTO-1, P48 - ZTF-Cam","LT - SPRAT, NOT - ALFOSC","1","1","","17.7639","g-ZTF","2024-05-07 07:18:19.996","ALeRCE","","2024TNSTR1413....1M","2024TNSCR1433....1M, 2024TNSCR1546....1S",""
"151081","AT 2024ifz","14:48:15.639","-47:03:18.92","","","","","","","","","","","","ATLAS, GOTO","ATLAS, GOTO","","ATLAS; GOTO","ATLAS24gwd","ATLAS-CHL - ATLAS-04, ATLAS-STH - ATLAS-03, GOTO-S - GOTO-3","","1","1","","16.776","orange-ATLAS","2024-05-06 04:56:10.752","ATLAS_Bot1","","2024TNSTR1415....1T","",""
"151079","AT 2024ifx","21:38:07.880","+03:52:15.27","","","","","","","","","","","","GOTO","GOTO","","GOTO","GOTO24bhn","GOTO-N - GOTO-1, GOTO-S - GOTO-4","","1","1","","19.66","L-GOTO","2024-05-07 04:07:47.712","GOTO_bot","","2024TNSTR1416....1K","",""
"151078","SN 2024ifw","15:10:03.517","+21:31:01.17","SN Ia","","","","","","","","0.073","","","ZTF, Pan-STARRS, GOTO","ZTF, Pan-STARRS, GOTO","ZTF","GOTO; Pan-STARRS; ZTF","ZTF18aawglif","GOTO-N - GOTO-1, P48 - ZTF-Cam, PS1 - GPC1","P60 - SEDM","1","1","","19.8564","g-ZTF","2024-05-07 07:12:48.003","Fritz","","2024TNSTR1419....1R","2024TNSCR1518....1F",""
"151064","AT 2024ifi","10:09:15.049","+62:34:55.22","","","","","","","","","","","","ZTF, GOTO","ZTF, GOTO","","GOTO; ZTF","ZTF24aalwvsh","GOTO-N - GOTO-1, P48 - ZTF-Cam","","1","1","","19.8959","g-ZTF","2024-05-03 05:45:27.999","Fritz","","2024TNSTR1417....1S","",""
"151058","AT 2024ifc","17:03:21.355","+22:33:36.82","","","","","","","","","","SDSS J170321.39+223336.7","","ALeRCE, GOTO","ZTF, GOTO","","ALeRCE; GOTO","ZTF24aaminbv","GOTO-N - GOTO-1, P48 - ZTF-Cam","","1","1","","20.6622","r-ZTF","2024-05-02 08:27:18.003","ALeRCE","","2024TNSTR1399....1M","",""
"151057","AT 2024ifb","19:41:33.620","-51:33:18.81","","","","","","","","","","","","ATLAS, GOTO","ATLAS, GOTO","","ATLAS; GOTO","ATLAS24gvx","ATLAS-CHL - ATLAS-04, ATLAS-STH - ATLAS-03, GOTO-S - GOTO-3, GOTO-S - GOTO-4","","1","1","","18.56","orange-ATLAS","2024-05-06 07:54:22.752","ATLAS_Bot1","","2024TNSTR1400....1T","",""
"151056","AT 2024ifa","18:23:38.480","-46:39:42.50","","","","","","","","","","","","MASTER","MASTER","","MASTER","MASTER OT J182338.48-463942.5","Other - Other","","1","1","","17.1","Clear-","2024-05-06 02:06:19.008","MASTER","","2024TNSTR1404....1V","",""
"151055","SN 2024iez","14:48:19.684","+20:49:43.95","SN Ia","","","","","","","","0.075","","","Tomo-e Gozen, GOTO","Tomo-e Gozen, GOTO","TCD","GOTO; Tomo-e Gozen","Tomo-e 202405aaafx","GOTO-N - GOTO-1, GOTO-N - GOTO-2, Other - Other","LT - SPRAT","1","1","","19.24","Clear-","2024-05-03 16:22:04.800","Sasaoka","","2024TNSTR1405....1S","2024TNSCR1548....1D",""
"151054","SN 2024iey","16:22:29.406","+43:31:20.62","SN Ia","","","","","","","","0.03","","","ZTF, ATLAS, GOTO, Pan-STARRS","ZTF, ATLAS, GOTO, Pan-STARRS","None","ATLAS; GOTO; Pan-STARRS; ZTF","ZTF24aamipnt","ATLAS-HKO - ATLAS-02, GOTO-N - GOTO-1, GOTO-N - GOTO-2, P48 - ZTF-Cam, PS1 - GPC1","NOT - ALFOSC","1","1","","19.8763","g-ZTF","2024-05-06 10:10:05.952","ZTF_CLU_PUBLIC","","2024TNSTR1408....1D","2024TNSCR1447....1H",""
"151527","AT 2024iwt","14:32:55.627","-44:57:14.21","","","","","","","","","","","","GOTO","GOTO","","GOTO","GOTO24bpc","GOTO-S - GOTO-3","","1","1","","17.85","L-GOTO","2024-05-14 12:06:42.624","GOTO_bot","","2024TNSTR1525....1U","",""
"151526","AT 2024iws","14:07:25.402","-44:05:39.78","","","","","","","","","","","","GOTO","GOTO","","GOTO","GOTO24bpe","GOTO-S - GOTO-3, GOTO-S - GOTO-4","","1","1","","17.35","L-GOTO","2024-05-14 11:43:27.264","GOTO_bot","","2024TNSTR1525....1U","",""
"151515","AT 2024iwh","11:42:59.570","-23:43:11.37","","","","","","","","","","","","GOTO","GOTO","","GOTO","GOTO24bpy","GOTO-S - GOTO-3, GOTO-S - GOTO-4","","1","1","","19.72","L-GOTO","2024-05-08 08:35:11.328","GOTO_bot","","2024TNSTR1524....1R","",""
"151478","AT 2024iux","16:48:28.611","+11:03:44.71","","","","","","","","","","","","GOTO, ZTF","GOTO, ZTF","","GOTO; ZTF","GOTO24boz","GOTO-N - GOTO-2, GOTO-S - GOTO-4, P48 - ZTF-Cam","","1","1","","19.86","L-GOTO","2024-05-14 13:53:07.584","GOTO_bot","","2024TNSTR1508....1K","",""
"151469","AT 2024iuo","09:10:29.800","-23:06:58.44","","","","","","","","","","","","GOTO","GOTO","","GOTO","GOTO24bon","GOTO-S - GOTO-4","","1","1","","20.02","L-GOTO","2024-05-14 08:54:55.008","GOTO_bot","","2024TNSTR1509....1G","",""
"151468","AT 2024iun","09:23:35.343","-20:10:17.12","","","","","","","","","","","","GOTO","GOTO","","GOTO","GOTO24boo","GOTO-S - GOTO-3, GOTO-S - GOTO-4","","1","1","","20.02","L-GOTO","2024-05-14 08:52:52.320","GOTO_bot","","2024TNSTR1509....1G","",""
"151467","AT 2024ium","06:28:05.050","-34:26:05.06","","","","","","","","","","","","GaiaAlerts","GaiaAlerts","","GaiaAlerts","Gaia24bjd","Gaia - Gaia-photometric","","1","1","","15.02","G-Gaia","2024-04-10 14:38:24.000","Gaia_Bot1","","2024TNSTR1506....1H","",""
"151466","AT 2024iul","17:40:58.780","-46:53:01.00","","","","","","","","","","","","GaiaAlerts","GaiaAlerts","","GaiaAlerts","Gaia24bjc","Gaia - Gaia-photometric","","1","1","","17.75","G-Gaia","2024-05-03 12:59:02.400","Gaia_Bot1","","2024TNSTR1506....1H","",""
"151465","AT 2024iuk","18:02:35.040","-15:55:36.01","","","","","","","","","","","","GaiaAlerts","GaiaAlerts","","GaiaAlerts","Gaia24bjb","Gaia - Gaia-photometric","","1","1","","18","G-Gaia","2024-05-04 08:15:21.600","Gaia_Bot1","","2024TNSTR1506....1H","",""
"151464","AT 2024iuj","06:01:39.820","+05:52:10.16","","","","","","","","","","","","GaiaAlerts","GaiaAlerts","","GaiaAlerts","Gaia24biy","Gaia - Gaia-photometric","","1","1","","18.98","G-Gaia","2024-05-03 21:07:12.000","Gaia_Bot1","","2024TNSTR1506....1H","",""
"151463","AT 2024iui","05:38:19.550","+51:31:45.52","","","","","","","","","","","","GaiaAlerts","GaiaAlerts","","GaiaAlerts","Gaia24bix","Gaia - Gaia-photometric","","1","1","","18.32","G-Gaia","2024-05-03 15:53:16.800","Gaia_Bot1","","2024TNSTR1506....1H","",""
"151462","AT 2024iuh","16:25:16.023","+30:19:26.03","","","","","","","","","","","","GOTO","GOTO","","GOTO","GOTO24bnt","GOTO-N - GOTO-1, GOTO-N - GOTO-2","","1","1","","19.1","L-GOTO","2024-05-14 00:33:21.888","GOTO_bot","","2024TNSTR1512....1K","",""
"151461","AT 2024iug","09:23:35.075","-20:26:48.84","","","","","","","","","","","","GOTO","GOTO","","GOTO","GOTO24bnx","GOTO-S - GOTO-3, GOTO-S - GOTO-4","","1","1","","20.19","L-GOTO","2024-05-14 08:52:52.320","GOTO_bot","","2024TNSTR1511....1U","",""
"151460","AT 2024iuf","10:24:24.838","-23:54:05.46","","","","","","","","","","","","GOTO","GOTO","","GOTO","GOTO24bnz","GOTO-S - GOTO-3, GOTO-S - GOTO-4","","1","1","","20.08","L-GOTO","2024-05-14 09:03:57.600","GOTO_bot","","2024TNSTR1510....1O","",""
"151452","AT 2024itx","09:28:10.395","-22:14:11.40","","","","","","","","","","","","ATLAS, GOTO","ATLAS, GOTO","","ATLAS; GOTO","ATLAS24hgp","ATLAS-CHL - ATLAS-04, GOTO-S - GOTO-4","","1","1","","18.842","orange-ATLAS","2024-05-12 01:25:56.352","ATLAS_Bot1","","2024TNSTR1493....1T","",""
"151451","AT 2024itw","21:04:40.097","+32:23:30.22","","","","","","","","","","","","GOTO","GOTO","","GOTO","GOTO24bmm","GOTO-N - GOTO-1","","1","1","","20.24","L-GOTO","2024-05-03 03:29:10.464","GOTO_bot","","2024TNSTR1495....1R","",""
"151450","AT 2024itv","18:05:08.492","+15:16:10.17","","","","","","","","","","","","GOTO","GOTO","","GOTO","GOTO24bmn","GOTO-N - GOTO-1","","1","1","","19.79","L-GOTO","2024-05-13 03:26:48.768","GOTO_bot","","2024TNSTR1496....1R","",""
"151441","AT 2024itm","17:53:46.377","+32:14:17.29","","","","","","","","","","","","ALeRCE, ATLAS, GOTO","ZTF, ATLAS, GOTO","","ALeRCE; ATLAS; GOTO","ZTF24aanmrts","ATLAS-HKO - ATLAS-02, ATLAS-MLO - ATLAS-01, GOTO-N - GOTO-1, P48 - ZTF-Cam","","1","1","","21.058","g-ZTF","2024-05-11 08:56:48.002","ALeRCE","","2024TNSTR1491....1M","",""
"151426","AT 2024isy","18:44:16.999","-38:33:18.95","","","","","","","","","","","","ATLAS, GOTO","ATLAS, GOTO","","ATLAS; GOTO","ATLAS24hga","ATLAS-CHL - ATLAS-04, ATLAS-STH - ATLAS-03, GOTO-S - GOTO-4","","1","1","","17.765","cyan-ATLAS","2024-05-13 00:49:35.616","ATLAS_Bot1","","2024TNSTR1493....1T","",""
"151424","AT 2024isw","09:47:09.390","-19:15:18.67","","","","","","","","","","","","ATLAS, GOTO, ZTF","ATLAS, GOTO, ZTF","","ATLAS; GOTO; ZTF","ATLAS24hfy","ATLAS-CHL - ATLAS-04, ATLAS-STH - ATLAS-03, GOTO-S - GOTO-3, P48 - ZTF-Cam","","1","1","","19.146","cyan-ATLAS","2024-05-12 19:44:48.192","ATLAS_Bot1","","2024TNSTR1493....1T","",""
"151422","AT 2024isu","09:59:58.972","-11:23:25.23","","","","","","","","","","","","ZTF, GOTO","ZTF, GOTO","","GOTO; ZTF","ZTF24aamrheq","GOTO-N - GOTO-2, GOTO-S - GOTO-4, P48 - ZTF-Cam","","1","1","","19.2689","g-ZTF","2024-05-13 04:04:04.998","Fritz","","2024TNSTR1498....1S","",""
"151420","SN 2024iss","12:59:06.136","+28:48:42.59","SN II","","","","","","","","0.00333","","","GOTO, SGLF, ZTF, ATLAS, MASTER, YSE","GOTO, ZTF, ATLAS, MASTER, Pan-STARRS","OxQUB, ZTF","ATLAS; GOTO; MASTER; Pan-STARRS; SGLF; YSE; ZTF","GOTO24bmf","ATLAS-HKO - ATLAS-02, GOTO-N - GOTO-1, Other - Other, P48 - ZTF-Cam, PS1 - GPC1","LT - SPRAT","1","1","","14.58","L-GOTO","2024-05-12 21:36:45.792","GOTO_bot","","2024TNSTR1494....1G","2024TNSCR1517....1S, 2024TNSCR1533....1W",""
"151409","AT 2024ish","12:24:28.292","+56:09:39.72","","","","","","","","","","","","ZTF, GOTO","ZTF, GOTO","","GOTO; ZTF","ZTF24aamjpjd","GOTO-N - GOTO-1, GOTO-N - GOTO-2, P48 - ZTF-Cam","","1","1","","20.2481","r-ZTF","2024-05-07 05:23:11.996","Fritz","","2024TNSTR1488....1G","",""
"151399","AT 2024irx","14:23:13.310","-36:58:25.30","","","","","","","","","","","","BraTS, GOTO","BraTS, GOTO","","BraTS; GOTO","BraTS-SON-T2-054","GOTO-S - GOTO-3, GOTO-S - GOTO-4, Other - Other","","1","1","","15.1","Other-","2024-05-12 02:18:05.000","Jacques","","2024TNSTR1481....1P","",""
"151398","AT 2024irw","12:06:03.739","+32:49:29.23","","","","","","","","","","","","GOTO","GOTO","","GOTO","GOTO24axx","GOTO-N - GOTO-1, GOTO-N - GOTO-2","","1","1","","19.61","L-GOTO","2024-04-26 21:50:44.736","GOTO_bot","","2024TNSTR1484....1K","",""
"151397","AT 2024irv","16:31:43.653","+23:41:30.73","","","","","","","","","","","","GOTO","GOTO","","GOTO","GOTO24bkj","GOTO-N - GOTO-1, GOTO-N - GOTO-2","","1","1","","20.45","L-GOTO","2024-05-10 02:59:47.040","GOTO_bot","","2024TNSTR1483....1A","",""
"151387","AT 2024irl","17:20:36.461","+13:15:37.91","","","","","","","","","","WISEA J172036.58+131532.6","","ALeRCE, GOTO","ZTF, GOTO","","ALeRCE; GOTO","ZTF24aanijuq","GOTO-N - GOTO-2, GOTO-S - GOTO-4, P48 - ZTF-Cam","","1","1","","20.678","r-ZTF","2024-05-12 10:30:31.000","ALeRCE","","2024TNSTR1478....1F","",""
"151373","SN 2024iqx","16:24:32.312","+59:33:45.10","SN","","","","","","","","0.0313","SDSS J162435.60+593352.9","","ALeRCE, ATLAS, GOTO","ZTF, ATLAS, GOTO","UCSC","ALeRCE; ATLAS; GOTO","ZTF24aanbjel","ATLAS-HKO - ATLAS-02, GOTO-N - GOTO-2, P48 - ZTF-Cam","Lick-3m - KAST","1","1","","19.4682","g-ZTF","2024-05-10 07:10:44.003","ALeRCE","","2024TNSTR1478....1F","2024TNSCR1566....1T",""
"151371","AT 2024iqv","21:13:13.953","-49:52:50.98","","","","","","","","","","","","ATLAS, GOTO","ATLAS, GOTO","","ATLAS; GOTO","ATLAS24hft","ATLAS-CHL - ATLAS-04, ATLAS-STH - ATLAS-03, GOTO-S - GOTO-3","","1","1","","19.006","cyan-ATLAS","2024-05-12 01:22:23.808","ATLAS_Bot1","","2024TNSTR1480....1T","",""
"151368","AT 2024iqs","20:27:46.953","-14:13:29.59","","","","","","","","","","","","ATLAS, GOTO","ATLAS, GOTO","","ATLAS; GOTO","ATLAS24hfm","ATLAS-CHL - ATLAS-04, GOTO-N - GOTO-1, GOTO-S - GOTO-3","","1","1","","18.976","orange-ATLAS","2024-05-12 07:36:33.984","ATLAS_Bot1","","2024TNSTR1480....1T","",""
"151366","AT 2024iqq","23:42:00.801","-46:28:17.25","","","","","","","","","","","","ATLAS, GOTO, BlackGEM","ATLAS, GOTO, BlackGEM","","ATLAS; BlackGEM; GOTO","ATLAS24hfh","ATLAS-CHL - ATLAS-04, ATLAS-STH - ATLAS-03, BG4 - BlackGEM-Cam4, GOTO-S - GOTO-3, GOTO-S - GOTO-4, ML1 - MeerLICHT-Cam","","1","1","","18.179","cyan-ATLAS","2024-05-12 03:15:14.976","ATLAS_Bot1","","2024TNSTR1480....1T","",""
"151361","AT 2024iql","02:21:37.983","-68:11:41.19","","","","","","","","","","","","ATLAS, MASTER","ATLAS, MASTER","","ATLAS; MASTER","ATLAS24hfc","ATLAS-CHL - ATLAS-04, ATLAS-STH - ATLAS-03, Other - Other","","1","1","","17.536","cyan-ATLAS","2024-05-12 03:44:47.904","ATLAS_Bot1","","2024TNSTR1480....1T","",""
"151360","AT 2024iqk","21:22:19.740","-63:00:31.84","","","","","","","","","","","","ATLAS, GOTO","ATLAS, GOTO","","ATLAS; GOTO","ATLAS24hfb","ATLAS-CHL - ATLAS-04, ATLAS-STH - ATLAS-03, GOTO-S - GOTO-4","","1","1","","18.85","cyan-ATLAS","2024-05-12 00:55:15.168","ATLAS_Bot1","","2024TNSTR1480....1T","",""
"151355","AT 2024iqf","11:00:47.204","-40:46:32.27","","","","","","","","","","","","ATLAS, GOTO","ATLAS, GOTO","","ATLAS; GOTO","ATLAS24hem","ATLAS-CHL - ATLAS-04, ATLAS-STH - ATLAS-03, GOTO-S - GOTO-3","","1","1","","18.911","cyan-ATLAS","2024-05-11 19:40:56.640","ATLAS_Bot1","","2024TNSTR1480....1T","",""
"151349","AT 2024iqa","12:17:23.287","+15:17:19.77","","","","","","","","","","","","GOTO, ZTF","GOTO, ZTF","","GOTO; ZTF","GOTO24bll","GOTO-N - GOTO-2, P48 - ZTF-Cam","","1","1","","19.76","L-GOTO","2024-05-11 21:58:10.560","GOTO_bot","","2024TNSTR1482....1K","",""
"151337","AT 2024ipo","11:44:50.088","+21:20:27.45","","","","","","","","","","","","ZTF, GOTO, ATLAS, Fink","ZTF, GOTO, ATLAS","","ATLAS; Fink; GOTO; ZTF","ZTF24aamtwya","ATLAS-HKO - ATLAS-02, GOTO-N - GOTO-1, GOTO-N - GOTO-2, P48 - ZTF-Cam","","1","1","","20.6504","r-ZTF","2024-05-08 05:07:18.001","Fritz","","2024TNSTR1472....1G","",""
"151330","AT 2024iph","15:06:20.725","+30:45:14.01","","","","","","","","","","","","ZTF, GOTO","ZTF, GOTO","","GOTO; ZTF","ZTF24aampesu","GOTO-N - GOTO-1, GOTO-N - GOTO-2, P48 - ZTF-Cam","","1","1","","20.9965","g-ZTF","2024-05-07 07:14:50.000","Fritz","","2024TNSTR1473....1R","",""
"151328","SN 2024ipf","17:49:21.687","+14:58:34.07","SN Ia","","","","","","","","0.052","","","ZTF, GOTO, Fink, ATLAS","ZTF, GOTO, ATLAS","ZTF","ATLAS; Fink; GOTO; ZTF","ZTF24aamtsgz","ATLAS-HKO - ATLAS-02, GOTO-N - GOTO-1, P48 - ZTF-Cam","P60 - SEDM","1","1","","20.7308","r-ZTF","2024-05-08 09:33:03.000","Fritz","","2024TNSTR1472....1G","2024TNSCR1549....1F",""
"151327","AT 2024ipe","19:48:33.396","+08:51:03.02","","","","","","","","","","","","ZTF, GOTO, ATLAS","ZTF, GOTO, ATLAS","","ATLAS; GOTO; ZTF","ZTF24aancjzy","ATLAS-CHL - ATLAS-04, ATLAS-HKO - ATLAS-02, GOTO-N - GOTO-1, GOTO-S - GOTO-3, P48 - ZTF-Cam","","1","1","","18.8517","r-ZTF","2024-05-11 10:13:31.998","Fritz","","2024TNSTR1472....1G","",""
"151323","AT 2024ipa","19:11:14.111","+28:43:16.63","","","","","","","","","","","","GOTO","GOTO","","GOTO","GOTO24bht","GOTO-N - GOTO-1","","1","1","","20.45","L-GOTO","2024-05-05 05:14:14.208","GOTO_bot","","2024TNSTR1458....1U","",""
"151321","AT 2024ioy","16:39:44.595","+39:38:12.13","","","","","","","","","","","","ALeRCE, GOTO, YSE, Pan-STARRS","ZTF, GOTO, Pan-STARRS","","ALeRCE; GOTO; Pan-STARRS; YSE","ZTF24aammkvn","GOTO-N - GOTO-1, GOTO-N - GOTO-2, P48 - ZTF-Cam, PS1 - GPC1, PS2 - GPC2","","1","1","","20.4434","r-ZTF","2024-05-07 09:22:16.997","ALeRCE","","2024TNSTR1453....1M","",""
"151309","AT 2024iom","06:01:49.640","-51:07:40.58","","","","","","","","","","","","GaiaAlerts","GaiaAlerts","","GaiaAlerts","Gaia24biw","Gaia - Gaia-photometric","","1","1","","16.32","G-Gaia","2024-05-02 20:13:55.200","Gaia_Bot1","","2024TNSTR1456....1H","",""
"151307","AT 2024iok","05:13:36.570","+77:28:42.64","","","","","","","","","","","","GaiaAlerts","GaiaAlerts","","GaiaAlerts","Gaia24biv","Gaia - Gaia-photometric","","1","1","","17.19","G-Gaia","2024-03-27 12:33:07.200","Gaia_Bot1","","2024TNSTR1456....1H","",""
"151306","AT 2024ioj","05:49:25.740","+10:20:44.16","","","","","","","","","","","","GaiaAlerts","GaiaAlerts","","GaiaAlerts","Gaia24biu","Gaia - Gaia-photometric","","1","1","","18.36","G-Gaia","2024-05-02 15:10:04.800","Gaia_Bot1","","2024TNSTR1456....1H","",""
"151305","AT 2024ioi","05:49:58.780","+20:13:04.91","","","","","","","","","","","","GaiaAlerts","GaiaAlerts","","GaiaAlerts","Gaia24bis","Gaia - Gaia-photometric","","1","1","","18.37","G-Gaia","2024-05-02 21:20:09.600","Gaia_Bot1","","2024TNSTR1456....1H","",""
"151304","AT 2024ioh","17:44:35.940","-52:19:38.71","","","","","","","","","","","","GaiaAlerts","GaiaAlerts","","GaiaAlerts","Gaia24bir","Gaia - Gaia-photometric","","1","1","","16.46","G-Gaia","2024-05-02 13:03:21.600","Gaia_Bot1","","2024TNSTR1456....1H","",""
"151303","AT 2024iog","17:50:54.940","-16:04:31.48","","","","","","","","","","","","GaiaAlerts","GaiaAlerts","","GaiaAlerts","Gaia24biq","Gaia - Gaia-photometric","","1","1","","17.47","G-Gaia","2024-05-02 18:28:48.000","Gaia_Bot1","","2024TNSTR1456....1H","",""
"151302","AT 2024iof","17:51:13.820","-23:56:05.28","","","","","","","","","","","","GaiaAlerts","GaiaAlerts","","GaiaAlerts","Gaia24bip","Gaia - Gaia-photometric","","1","1","","14.96","G-Gaia","2024-05-03 02:22:33.600","Gaia_Bot1","","2024TNSTR1456....1H","",""
"151300","AT 2024iod","17:49:32.360","-30:05:27.49","","","","","","","","","","","","GaiaAlerts","GaiaAlerts","","GaiaAlerts","Gaia24bik","Gaia - Gaia-photometric","","1","1","","18.7","G-Gaia","2024-05-02 14:28:19.200","Gaia_Bot1","","2024TNSTR1456....1H","",""
"151299","AT 2024ioc","17:53:46.990","-23:11:10.36","","","","","","","","","","","","GaiaAlerts","GaiaAlerts","","GaiaAlerts","Gaia24bij","Gaia - Gaia-photometric","","1","1","","16.58","G-Gaia","2024-05-03 12:36:00.000","Gaia_Bot1","","2024TNSTR1456....1H","",""